"Kod";"Nazwa";"Rodzaje dróg";"Rok";"Wartosc";"Jednostka miary";"Atrybut";
0200000;"DOLNOŚLĄSKIE";"ogółem";"2004";22601,3;"km";"";
0200000;"DOLNOŚLĄSKIE";"ogółem";"2005";22430,2;"km";"";
0200000;"DOLNOŚLĄSKIE";"ogółem";"2006";22611,2;"km";"";
0200000;"DOLNOŚLĄSKIE";"ogółem";"2007";22498,6;"km";"";
0200000;"DOLNOŚLĄSKIE";"ogółem";"2008";22483,7;"km";"";
0200000;"DOLNOŚLĄSKIE";"ogółem";"2009";22429,0;"km";"";
0200000;"DOLNOŚLĄSKIE";"ogółem";"2010";23468,0;"km";"";
0200000;"DOLNOŚLĄSKIE";"ogółem";"2011";23686,2;"km";"";
0200000;"DOLNOŚLĄSKIE";"ogółem";"2012";23600,6;"km";"";
0200000;"DOLNOŚLĄSKIE";"ogółem";"2013";23430,3;"km";"";
0200000;"DOLNOŚLĄSKIE";"ogółem";"2014";23637,9;"km";"";
0200000;"DOLNOŚLĄSKIE";"ogółem";"2015";23805,0;"km";"";
0200000;"DOLNOŚLĄSKIE";"ogółem";"2016";23871,4;"km";"";
0200000;"DOLNOŚLĄSKIE";"ogółem";"2017";23790,3;"km";"";
0200000;"DOLNOŚLĄSKIE";"ogółem";"2018";24333,4;"km";"";
0200000;"DOLNOŚLĄSKIE";"ogółem";"2019";;"km";"n";
0200000;"DOLNOŚLĄSKIE";"autostrady";"2004";150,0;"km";"";
0200000;"DOLNOŚLĄSKIE";"autostrady";"2005";150,0;"km";"";
0200000;"DOLNOŚLĄSKIE";"autostrady";"2006";150,0;"km";"";
0200000;"DOLNOŚLĄSKIE";"autostrady";"2007";150,0;"km";"";
0200000;"DOLNOŚLĄSKIE";"autostrady";"2008";150,0;"km";"";
0200000;"DOLNOŚLĄSKIE";"autostrady";"2009";199,0;"km";"";
0200000;"DOLNOŚLĄSKIE";"autostrady";"2010";199,2;"km";"";
0200000;"DOLNOŚLĄSKIE";"autostrady";"2011";222,3;"km";"";
0200000;"DOLNOŚLĄSKIE";"autostrady";"2012";221,9;"km";"";
0200000;"DOLNOŚLĄSKIE";"autostrady";"2013";204,2;"km";"";
0200000;"DOLNOŚLĄSKIE";"autostrady";"2014";221,9;"km";"";
0200000;"DOLNOŚLĄSKIE";"autostrady";"2015";221,9;"km";"";
0200000;"DOLNOŚLĄSKIE";"autostrady";"2016";221,9;"km";"";
0200000;"DOLNOŚLĄSKIE";"autostrady";"2017";221,9;"km";"";
0200000;"DOLNOŚLĄSKIE";"autostrady";"2018";221,9;"km";"";
0200000;"DOLNOŚLĄSKIE";"autostrady";"2019";;"km";"n";
0200000;"DOLNOŚLĄSKIE";"inne drogi";"2004";22451,3;"km";"";
0200000;"DOLNOŚLĄSKIE";"inne drogi";"2005";22280,2;"km";"";
0200000;"DOLNOŚLĄSKIE";"inne drogi";"2006";22461,2;"km";"";
0200000;"DOLNOŚLĄSKIE";"inne drogi";"2007";22348,6;"km";"";
0200000;"DOLNOŚLĄSKIE";"inne drogi";"2008";22333,7;"km";"";
0200000;"DOLNOŚLĄSKIE";"inne drogi";"2009";22230,0;"km";"";
0200000;"DOLNOŚLĄSKIE";"inne drogi";"2010";23268,8;"km";"";
0200000;"DOLNOŚLĄSKIE";"inne drogi";"2011";23463,9;"km";"";
0200000;"DOLNOŚLĄSKIE";"inne drogi";"2012";23378,7;"km";"";
0200000;"DOLNOŚLĄSKIE";"inne drogi";"2013";23226,1;"km";"";
0200000;"DOLNOŚLĄSKIE";"inne drogi";"2014";23416,0;"km";"";
0200000;"DOLNOŚLĄSKIE";"inne drogi";"2015";23583,1;"km";"";
0200000;"DOLNOŚLĄSKIE";"inne drogi";"2016";23649,5;"km";"";
0200000;"DOLNOŚLĄSKIE";"inne drogi";"2017";23568,4;"km";"";
0200000;"DOLNOŚLĄSKIE";"inne drogi";"2018";24111,5;"km";"";
0200000;"DOLNOŚLĄSKIE";"inne drogi";"2019";;"km";"n";
0400000;"KUJAWSKO-POMORSKIE";"ogółem";"2004";24486,8;"km";"";
0400000;"KUJAWSKO-POMORSKIE";"ogółem";"2005";24974,5;"km";"";
0400000;"KUJAWSKO-POMORSKIE";"ogółem";"2006";25025,3;"km";"";
0400000;"KUJAWSKO-POMORSKIE";"ogółem";"2007";24986,7;"km";"";
0400000;"KUJAWSKO-POMORSKIE";"ogółem";"2008";25140,3;"km";"";
0400000;"KUJAWSKO-POMORSKIE";"ogółem";"2009";25350,4;"km";"";
0400000;"KUJAWSKO-POMORSKIE";"ogółem";"2010";26480,8;"km";"";
0400000;"KUJAWSKO-POMORSKIE";"ogółem";"2011";26528,2;"km";"";
0400000;"KUJAWSKO-POMORSKIE";"ogółem";"2012";26690,5;"km";"";
0400000;"KUJAWSKO-POMORSKIE";"ogółem";"2013";26751,5;"km";"";
0400000;"KUJAWSKO-POMORSKIE";"ogółem";"2014";26724,5;"km";"";
0400000;"KUJAWSKO-POMORSKIE";"ogółem";"2015";26989,9;"km";"";
0400000;"KUJAWSKO-POMORSKIE";"ogółem";"2016";27389,5;"km";"";
0400000;"KUJAWSKO-POMORSKIE";"ogółem";"2017";27445,6;"km";"";
0400000;"KUJAWSKO-POMORSKIE";"ogółem";"2018";27516,5;"km";"";
0400000;"KUJAWSKO-POMORSKIE";"ogółem";"2019";;"km";"n";
0400000;"KUJAWSKO-POMORSKIE";"autostrady";"2004";0,0;"km";"";
0400000;"KUJAWSKO-POMORSKIE";"autostrady";"2005";0,0;"km";"";
0400000;"KUJAWSKO-POMORSKIE";"autostrady";"2006";0,0;"km";"";
0400000;"KUJAWSKO-POMORSKIE";"autostrady";"2007";0,0;"km";"";
0400000;"KUJAWSKO-POMORSKIE";"autostrady";"2008";24,5;"km";"";
0400000;"KUJAWSKO-POMORSKIE";"autostrady";"2009";23,5;"km";"";
0400000;"KUJAWSKO-POMORSKIE";"autostrady";"2010";23,5;"km";"";
0400000;"KUJAWSKO-POMORSKIE";"autostrady";"2011";86,1;"km";"";
0400000;"KUJAWSKO-POMORSKIE";"autostrady";"2012";100,2;"km";"";
0400000;"KUJAWSKO-POMORSKIE";"autostrady";"2013";144,3;"km";"";
0400000;"KUJAWSKO-POMORSKIE";"autostrady";"2014";165,0;"km";"";
0400000;"KUJAWSKO-POMORSKIE";"autostrady";"2015";165,0;"km";"";
0400000;"KUJAWSKO-POMORSKIE";"autostrady";"2016";165,0;"km";"";
0400000;"KUJAWSKO-POMORSKIE";"autostrady";"2017";165,0;"km";"";
0400000;"KUJAWSKO-POMORSKIE";"autostrady";"2018";165,0;"km";"";
0400000;"KUJAWSKO-POMORSKIE";"autostrady";"2019";;"km";"n";
0400000;"KUJAWSKO-POMORSKIE";"inne drogi";"2004";24486,8;"km";"";
0400000;"KUJAWSKO-POMORSKIE";"inne drogi";"2005";24974,5;"km";"";
0400000;"KUJAWSKO-POMORSKIE";"inne drogi";"2006";25025,3;"km";"";
0400000;"KUJAWSKO-POMORSKIE";"inne drogi";"2007";24986,7;"km";"";
0400000;"KUJAWSKO-POMORSKIE";"inne drogi";"2008";25115,8;"km";"";
0400000;"KUJAWSKO-POMORSKIE";"inne drogi";"2009";25326,9;"km";"";
0400000;"KUJAWSKO-POMORSKIE";"inne drogi";"2010";26457,3;"km";"";
0400000;"KUJAWSKO-POMORSKIE";"inne drogi";"2011";26442,1;"km";"";
0400000;"KUJAWSKO-POMORSKIE";"inne drogi";"2012";26590,3;"km";"";
0400000;"KUJAWSKO-POMORSKIE";"inne drogi";"2013";26607,2;"km";"";
0400000;"KUJAWSKO-POMORSKIE";"inne drogi";"2014";26559,5;"km";"";
0400000;"KUJAWSKO-POMORSKIE";"inne drogi";"2015";26824,9;"km";"";
0400000;"KUJAWSKO-POMORSKIE";"inne drogi";"2016";27224,5;"km";"";
0400000;"KUJAWSKO-POMORSKIE";"inne drogi";"2017";27280,6;"km";"";
0400000;"KUJAWSKO-POMORSKIE";"inne drogi";"2018";27351,5;"km";"";
0400000;"KUJAWSKO-POMORSKIE";"inne drogi";"2019";;"km";"n";
0600000;"LUBELSKIE";"ogółem";"2004";29530,8;"km";"";
0600000;"LUBELSKIE";"ogółem";"2005";29530,1;"km";"";
0600000;"LUBELSKIE";"ogółem";"2006";29558,8;"km";"";
0600000;"LUBELSKIE";"ogółem";"2007";29656,1;"km";"";
0600000;"LUBELSKIE";"ogółem";"2008";30162,9;"km";"";
0600000;"LUBELSKIE";"ogółem";"2009";30415,7;"km";"";
0600000;"LUBELSKIE";"ogółem";"2010";34012,7;"km";"";
0600000;"LUBELSKIE";"ogółem";"2011";34598,6;"km";"";
0600000;"LUBELSKIE";"ogółem";"2012";34196,2;"km";"";
0600000;"LUBELSKIE";"ogółem";"2013";34262,4;"km";"";
0600000;"LUBELSKIE";"ogółem";"2014";34970,6;"km";"";
0600000;"LUBELSKIE";"ogółem";"2015";36209,6;"km";"";
0600000;"LUBELSKIE";"ogółem";"2016";36501,3;"km";"";
0600000;"LUBELSKIE";"ogółem";"2017";36995,8;"km";"";
0600000;"LUBELSKIE";"ogółem";"2018";38115,4;"km";"";
0600000;"LUBELSKIE";"ogółem";"2019";;"km";"n";
0600000;"LUBELSKIE";"autostrady";"2004";0,0;"km";"";
0600000;"LUBELSKIE";"autostrady";"2005";0,0;"km";"";
0600000;"LUBELSKIE";"autostrady";"2006";0,0;"km";"";
0600000;"LUBELSKIE";"autostrady";"2007";0,0;"km";"";
0600000;"LUBELSKIE";"autostrady";"2008";0,0;"km";"";
0600000;"LUBELSKIE";"autostrady";"2009";0,0;"km";"";
0600000;"LUBELSKIE";"autostrady";"2010";0,0;"km";"";
0600000;"LUBELSKIE";"autostrady";"2011";0,0;"km";"";
0600000;"LUBELSKIE";"autostrady";"2012";0,0;"km";"";
0600000;"LUBELSKIE";"autostrady";"2013";0,0;"km";"";
0600000;"LUBELSKIE";"autostrady";"2014";0,0;"km";"";
0600000;"LUBELSKIE";"autostrady";"2015";0,0;"km";"";
0600000;"LUBELSKIE";"autostrady";"2016";0,0;"km";"";
0600000;"LUBELSKIE";"autostrady";"2017";0,0;"km";"";
0600000;"LUBELSKIE";"autostrady";"2018";0,0;"km";"";
0600000;"LUBELSKIE";"autostrady";"2019";;"km";"n";
0600000;"LUBELSKIE";"inne drogi";"2004";29530,8;"km";"";
0600000;"LUBELSKIE";"inne drogi";"2005";29530,1;"km";"";
0600000;"LUBELSKIE";"inne drogi";"2006";29558,8;"km";"";
0600000;"LUBELSKIE";"inne drogi";"2007";29656,1;"km";"";
0600000;"LUBELSKIE";"inne drogi";"2008";30162,9;"km";"";
0600000;"LUBELSKIE";"inne drogi";"2009";30415,7;"km";"";
0600000;"LUBELSKIE";"inne drogi";"2010";34012,7;"km";"";
0600000;"LUBELSKIE";"inne drogi";"2011";34598,6;"km";"";
0600000;"LUBELSKIE";"inne drogi";"2012";34196,2;"km";"";
0600000;"LUBELSKIE";"inne drogi";"2013";34262,4;"km";"";
0600000;"LUBELSKIE";"inne drogi";"2014";34970,6;"km";"";
0600000;"LUBELSKIE";"inne drogi";"2015";36209,6;"km";"";
0600000;"LUBELSKIE";"inne drogi";"2016";36501,3;"km";"";
0600000;"LUBELSKIE";"inne drogi";"2017";36995,8;"km";"";
0600000;"LUBELSKIE";"inne drogi";"2018";38115,4;"km";"";
0600000;"LUBELSKIE";"inne drogi";"2019";;"km";"n";
0800000;"LUBUSKIE";"ogółem";"2004";12976,1;"km";"";
0800000;"LUBUSKIE";"ogółem";"2005";13107,9;"km";"";
0800000;"LUBUSKIE";"ogółem";"2006";13229,4;"km";"";
0800000;"LUBUSKIE";"ogółem";"2007";13402,1;"km";"";
0800000;"LUBUSKIE";"ogółem";"2008";13261,0;"km";"";
0800000;"LUBUSKIE";"ogółem";"2009";12678,5;"km";"";
0800000;"LUBUSKIE";"ogółem";"2010";13218,2;"km";"";
0800000;"LUBUSKIE";"ogółem";"2011";13620,0;"km";"";
0800000;"LUBUSKIE";"ogółem";"2012";14464,1;"km";"";
0800000;"LUBUSKIE";"ogółem";"2013";14974,8;"km";"";
0800000;"LUBUSKIE";"ogółem";"2014";14830,0;"km";"";
0800000;"LUBUSKIE";"ogółem";"2015";14975,7;"km";"";
0800000;"LUBUSKIE";"ogółem";"2016";15101,8;"km";"";
0800000;"LUBUSKIE";"ogółem";"2017";15455,2;"km";"";
0800000;"LUBUSKIE";"ogółem";"2018";15579,6;"km";"";
0800000;"LUBUSKIE";"ogółem";"2019";;"km";"n";
0800000;"LUBUSKIE";"autostrady";"2004";0,0;"km";"";
0800000;"LUBUSKIE";"autostrady";"2005";0,0;"km";"";
0800000;"LUBUSKIE";"autostrady";"2006";0,0;"km";"";
0800000;"LUBUSKIE";"autostrady";"2007";0,0;"km";"";
0800000;"LUBUSKIE";"autostrady";"2008";0,0;"km";"";
0800000;"LUBUSKIE";"autostrady";"2009";0,0;"km";"";
0800000;"LUBUSKIE";"autostrady";"2010";0,0;"km";"";
0800000;"LUBUSKIE";"autostrady";"2011";89,2;"km";"";
0800000;"LUBUSKIE";"autostrady";"2012";89,2;"km";"";
0800000;"LUBUSKIE";"autostrady";"2013";89,2;"km";"";
0800000;"LUBUSKIE";"autostrady";"2014";89,2;"km";"";
0800000;"LUBUSKIE";"autostrady";"2015";89,2;"km";"";
0800000;"LUBUSKIE";"autostrady";"2016";89,2;"km";"";
0800000;"LUBUSKIE";"autostrady";"2017";89,2;"km";"";
0800000;"LUBUSKIE";"autostrady";"2018";89,2;"km";"";
0800000;"LUBUSKIE";"autostrady";"2019";;"km";"n";
0800000;"LUBUSKIE";"inne drogi";"2004";12976,1;"km";"";
0800000;"LUBUSKIE";"inne drogi";"2005";13107,9;"km";"";
0800000;"LUBUSKIE";"inne drogi";"2006";13229,4;"km";"";
0800000;"LUBUSKIE";"inne drogi";"2007";13402,1;"km";"";
0800000;"LUBUSKIE";"inne drogi";"2008";13261,0;"km";"";
0800000;"LUBUSKIE";"inne drogi";"2009";12678,5;"km";"";
0800000;"LUBUSKIE";"inne drogi";"2010";13218,2;"km";"";
0800000;"LUBUSKIE";"inne drogi";"2011";13530,8;"km";"";
0800000;"LUBUSKIE";"inne drogi";"2012";14374,9;"km";"";
0800000;"LUBUSKIE";"inne drogi";"2013";14885,6;"km";"";
0800000;"LUBUSKIE";"inne drogi";"2014";14740,8;"km";"";
0800000;"LUBUSKIE";"inne drogi";"2015";14886,5;"km";"";
0800000;"LUBUSKIE";"inne drogi";"2016";15012,6;"km";"";
0800000;"LUBUSKIE";"inne drogi";"2017";15366,0;"km";"";
0800000;"LUBUSKIE";"inne drogi";"2018";15490,4;"km";"";
0800000;"LUBUSKIE";"inne drogi";"2019";;"km";"n";
1000000;"ŁÓDZKIE";"ogółem";"2004";23678,2;"km";"";
1000000;"ŁÓDZKIE";"ogółem";"2005";23893,2;"km";"";
1000000;"ŁÓDZKIE";"ogółem";"2006";24111,6;"km";"";
1000000;"ŁÓDZKIE";"ogółem";"2007";24038,9;"km";"";
1000000;"ŁÓDZKIE";"ogółem";"2008";23884,1;"km";"";
1000000;"ŁÓDZKIE";"ogółem";"2009";24160,5;"km";"";
1000000;"ŁÓDZKIE";"ogółem";"2010";25556,1;"km";"";
1000000;"ŁÓDZKIE";"ogółem";"2011";26294,6;"km";"";
1000000;"ŁÓDZKIE";"ogółem";"2012";25578,4;"km";"";
1000000;"ŁÓDZKIE";"ogółem";"2013";25633,1;"km";"";
1000000;"ŁÓDZKIE";"ogółem";"2014";26175,6;"km";"";
1000000;"ŁÓDZKIE";"ogółem";"2015";26260,7;"km";"";
1000000;"ŁÓDZKIE";"ogółem";"2016";26121,5;"km";"";
1000000;"ŁÓDZKIE";"ogółem";"2017";26055,5;"km";"";
1000000;"ŁÓDZKIE";"ogółem";"2018";26045,8;"km";"";
1000000;"ŁÓDZKIE";"ogółem";"2019";;"km";"n";
1000000;"ŁÓDZKIE";"autostrady";"2004";17,6;"km";"";
1000000;"ŁÓDZKIE";"autostrady";"2005";17,6;"km";"";
1000000;"ŁÓDZKIE";"autostrady";"2006";75,4;"km";"";
1000000;"ŁÓDZKIE";"autostrady";"2007";75,3;"km";"";
1000000;"ŁÓDZKIE";"autostrady";"2008";77,2;"km";"";
1000000;"ŁÓDZKIE";"autostrady";"2009";77,2;"km";"";
1000000;"ŁÓDZKIE";"autostrady";"2010";77,2;"km";"";
1000000;"ŁÓDZKIE";"autostrady";"2011";77,2;"km";"";
1000000;"ŁÓDZKIE";"autostrady";"2012";187,7;"km";"";
1000000;"ŁÓDZKIE";"autostrady";"2013";168,5;"km";"";
1000000;"ŁÓDZKIE";"autostrady";"2014";187,6;"km";"";
1000000;"ŁÓDZKIE";"autostrady";"2015";187,6;"km";"";
1000000;"ŁÓDZKIE";"autostrady";"2016";226,2;"km";"";
1000000;"ŁÓDZKIE";"autostrady";"2017";226,2;"km";"";
1000000;"ŁÓDZKIE";"autostrady";"2018";226,2;"km";"";
1000000;"ŁÓDZKIE";"autostrady";"2019";;"km";"n";
1000000;"ŁÓDZKIE";"inne drogi";"2004";23660,6;"km";"";
1000000;"ŁÓDZKIE";"inne drogi";"2005";23875,6;"km";"";
1000000;"ŁÓDZKIE";"inne drogi";"2006";24036,2;"km";"";
1000000;"ŁÓDZKIE";"inne drogi";"2007";23963,6;"km";"";
1000000;"ŁÓDZKIE";"inne drogi";"2008";23806,9;"km";"";
1000000;"ŁÓDZKIE";"inne drogi";"2009";24083,3;"km";"";
1000000;"ŁÓDZKIE";"inne drogi";"2010";25478,9;"km";"";
1000000;"ŁÓDZKIE";"inne drogi";"2011";26217,4;"km";"";
1000000;"ŁÓDZKIE";"inne drogi";"2012";25390,7;"km";"";
1000000;"ŁÓDZKIE";"inne drogi";"2013";25464,6;"km";"";
1000000;"ŁÓDZKIE";"inne drogi";"2014";25988,0;"km";"";
1000000;"ŁÓDZKIE";"inne drogi";"2015";26073,1;"km";"";
1000000;"ŁÓDZKIE";"inne drogi";"2016";25895,3;"km";"";
1000000;"ŁÓDZKIE";"inne drogi";"2017";25829,3;"km";"";
1000000;"ŁÓDZKIE";"inne drogi";"2018";25819,6;"km";"";
1000000;"ŁÓDZKIE";"inne drogi";"2019";;"km";"n";
1200000;"MAŁOPOLSKIE";"ogółem";"2004";28194,5;"km";"";
1200000;"MAŁOPOLSKIE";"ogółem";"2005";28394,7;"km";"";
1200000;"MAŁOPOLSKIE";"ogółem";"2006";28473,6;"km";"";
1200000;"MAŁOPOLSKIE";"ogółem";"2007";28621,6;"km";"";
1200000;"MAŁOPOLSKIE";"ogółem";"2008";28637,8;"km";"";
1200000;"MAŁOPOLSKIE";"ogółem";"2009";28084,7;"km";"";
1200000;"MAŁOPOLSKIE";"ogółem";"2010";30369,3;"km";"";
1200000;"MAŁOPOLSKIE";"ogółem";"2011";30274,3;"km";"";
1200000;"MAŁOPOLSKIE";"ogółem";"2012";30336,8;"km";"";
1200000;"MAŁOPOLSKIE";"ogółem";"2013";29959,7;"km";"";
1200000;"MAŁOPOLSKIE";"ogółem";"2014";30068,4;"km";"";
1200000;"MAŁOPOLSKIE";"ogółem";"2015";30152,9;"km";"";
1200000;"MAŁOPOLSKIE";"ogółem";"2016";30597,1;"km";"";
1200000;"MAŁOPOLSKIE";"ogółem";"2017";31542,5;"km";"";
1200000;"MAŁOPOLSKIE";"ogółem";"2018";31444,0;"km";"";
1200000;"MAŁOPOLSKIE";"ogółem";"2019";;"km";"n";
1200000;"MAŁOPOLSKIE";"autostrady";"2004";59,8;"km";"";
1200000;"MAŁOPOLSKIE";"autostrady";"2005";59,8;"km";"";
1200000;"MAŁOPOLSKIE";"autostrady";"2006";59,4;"km";"";
1200000;"MAŁOPOLSKIE";"autostrady";"2007";59,4;"km";"";
1200000;"MAŁOPOLSKIE";"autostrady";"2008";59,4;"km";"";
1200000;"MAŁOPOLSKIE";"autostrady";"2009";79,5;"km";"";
1200000;"MAŁOPOLSKIE";"autostrady";"2010";79,5;"km";"";
1200000;"MAŁOPOLSKIE";"autostrady";"2011";79,4;"km";"";
1200000;"MAŁOPOLSKIE";"autostrady";"2012";137,3;"km";"";
1200000;"MAŁOPOLSKIE";"autostrady";"2013";107,6;"km";"";
1200000;"MAŁOPOLSKIE";"autostrady";"2014";151,0;"km";"";
1200000;"MAŁOPOLSKIE";"autostrady";"2015";151,0;"km";"";
1200000;"MAŁOPOLSKIE";"autostrady";"2016";151,0;"km";"";
1200000;"MAŁOPOLSKIE";"autostrady";"2017";151,0;"km";"";
1200000;"MAŁOPOLSKIE";"autostrady";"2018";151,0;"km";"";
1200000;"MAŁOPOLSKIE";"autostrady";"2019";;"km";"n";
1200000;"MAŁOPOLSKIE";"inne drogi";"2004";28134,7;"km";"";
1200000;"MAŁOPOLSKIE";"inne drogi";"2005";28334,9;"km";"";
1200000;"MAŁOPOLSKIE";"inne drogi";"2006";28414,2;"km";"";
1200000;"MAŁOPOLSKIE";"inne drogi";"2007";28562,2;"km";"";
1200000;"MAŁOPOLSKIE";"inne drogi";"2008";28578,4;"km";"";
1200000;"MAŁOPOLSKIE";"inne drogi";"2009";28005,2;"km";"";
1200000;"MAŁOPOLSKIE";"inne drogi";"2010";30289,8;"km";"";
1200000;"MAŁOPOLSKIE";"inne drogi";"2011";30194,9;"km";"";
1200000;"MAŁOPOLSKIE";"inne drogi";"2012";30199,5;"km";"";
1200000;"MAŁOPOLSKIE";"inne drogi";"2013";29852,1;"km";"";
1200000;"MAŁOPOLSKIE";"inne drogi";"2014";29917,4;"km";"";
1200000;"MAŁOPOLSKIE";"inne drogi";"2015";30001,9;"km";"";
1200000;"MAŁOPOLSKIE";"inne drogi";"2016";30446,1;"km";"";
1200000;"MAŁOPOLSKIE";"inne drogi";"2017";31391,5;"km";"";
1200000;"MAŁOPOLSKIE";"inne drogi";"2018";31293,0;"km";"";
1200000;"MAŁOPOLSKIE";"inne drogi";"2019";;"km";"n";
1400000;"MAZOWIECKIE";"ogółem";"2004";48778,1;"km";"";
1400000;"MAZOWIECKIE";"ogółem";"2005";49879,6;"km";"";
1400000;"MAZOWIECKIE";"ogółem";"2006";50067,0;"km";"";
1400000;"MAZOWIECKIE";"ogółem";"2007";49943,9;"km";"";
1400000;"MAZOWIECKIE";"ogółem";"2008";49757,8;"km";"";
1400000;"MAZOWIECKIE";"ogółem";"2009";50405,6;"km";"";
1400000;"MAZOWIECKIE";"ogółem";"2010";52302,9;"km";"";
1400000;"MAZOWIECKIE";"ogółem";"2011";53177,0;"km";"";
1400000;"MAZOWIECKIE";"ogółem";"2012";53013,5;"km";"";
1400000;"MAZOWIECKIE";"ogółem";"2013";53206,2;"km";"";
1400000;"MAZOWIECKIE";"ogółem";"2014";53454,7;"km";"";
1400000;"MAZOWIECKIE";"ogółem";"2015";54160,4;"km";"";
1400000;"MAZOWIECKIE";"ogółem";"2016";54417,4;"km";"";
1400000;"MAZOWIECKIE";"ogółem";"2017";54690,9;"km";"";
1400000;"MAZOWIECKIE";"ogółem";"2018";55008,5;"km";"";
1400000;"MAZOWIECKIE";"ogółem";"2019";;"km";"n";
1400000;"MAZOWIECKIE";"autostrady";"2004";0,0;"km";"";
1400000;"MAZOWIECKIE";"autostrady";"2005";0,0;"km";"";
1400000;"MAZOWIECKIE";"autostrady";"2006";0,0;"km";"";
1400000;"MAZOWIECKIE";"autostrady";"2007";0,0;"km";"";
1400000;"MAZOWIECKIE";"autostrady";"2008";0,0;"km";"";
1400000;"MAZOWIECKIE";"autostrady";"2009";0,0;"km";"";
1400000;"MAZOWIECKIE";"autostrady";"2010";0,0;"km";"";
1400000;"MAZOWIECKIE";"autostrady";"2011";0,0;"km";"";
1400000;"MAZOWIECKIE";"autostrady";"2012";65,9;"km";"";
1400000;"MAZOWIECKIE";"autostrady";"2013";61,7;"km";"";
1400000;"MAZOWIECKIE";"autostrady";"2014";63,2;"km";"";
1400000;"MAZOWIECKIE";"autostrady";"2015";66,4;"km";"";
1400000;"MAZOWIECKIE";"autostrady";"2016";66,4;"km";"";
1400000;"MAZOWIECKIE";"autostrady";"2017";66,4;"km";"";
1400000;"MAZOWIECKIE";"autostrady";"2018";66,4;"km";"";
1400000;"MAZOWIECKIE";"autostrady";"2019";;"km";"n";
1400000;"MAZOWIECKIE";"inne drogi";"2004";48778,1;"km";"";
1400000;"MAZOWIECKIE";"inne drogi";"2005";49879,6;"km";"";
1400000;"MAZOWIECKIE";"inne drogi";"2006";50067,0;"km";"";
1400000;"MAZOWIECKIE";"inne drogi";"2007";49943,9;"km";"";
1400000;"MAZOWIECKIE";"inne drogi";"2008";49757,8;"km";"";
1400000;"MAZOWIECKIE";"inne drogi";"2009";50405,6;"km";"";
1400000;"MAZOWIECKIE";"inne drogi";"2010";52302,9;"km";"";
1400000;"MAZOWIECKIE";"inne drogi";"2011";53177,0;"km";"";
1400000;"MAZOWIECKIE";"inne drogi";"2012";52947,6;"km";"";
1400000;"MAZOWIECKIE";"inne drogi";"2013";53144,5;"km";"";
1400000;"MAZOWIECKIE";"inne drogi";"2014";53391,5;"km";"";
1400000;"MAZOWIECKIE";"inne drogi";"2015";54094,0;"km";"";
1400000;"MAZOWIECKIE";"inne drogi";"2016";54351,0;"km";"";
1400000;"MAZOWIECKIE";"inne drogi";"2017";54624,5;"km";"";
1400000;"MAZOWIECKIE";"inne drogi";"2018";54942,1;"km";"";
1400000;"MAZOWIECKIE";"inne drogi";"2019";;"km";"n";
1600000;"OPOLSKIE";"ogółem";"2004";11183,6;"km";"";
1600000;"OPOLSKIE";"ogółem";"2005";10891,4;"km";"";
1600000;"OPOLSKIE";"ogółem";"2006";10893,5;"km";"";
1600000;"OPOLSKIE";"ogółem";"2007";10900,1;"km";"";
1600000;"OPOLSKIE";"ogółem";"2008";10754,1;"km";"";
1600000;"OPOLSKIE";"ogółem";"2009";10458,9;"km";"";
1600000;"OPOLSKIE";"ogółem";"2010";11445,5;"km";"";
1600000;"OPOLSKIE";"ogółem";"2011";11338,1;"km";"";
1600000;"OPOLSKIE";"ogółem";"2012";11382,2;"km";"";
1600000;"OPOLSKIE";"ogółem";"2013";10612,8;"km";"";
1600000;"OPOLSKIE";"ogółem";"2014";10937,6;"km";"";
1600000;"OPOLSKIE";"ogółem";"2015";10481,8;"km";"";
1600000;"OPOLSKIE";"ogółem";"2016";10474,6;"km";"";
1600000;"OPOLSKIE";"ogółem";"2017";10469,2;"km";"";
1600000;"OPOLSKIE";"ogółem";"2018";10504,8;"km";"";
1600000;"OPOLSKIE";"ogółem";"2019";;"km";"n";
1600000;"OPOLSKIE";"autostrady";"2004";88,1;"km";"";
1600000;"OPOLSKIE";"autostrady";"2005";88,1;"km";"";
1600000;"OPOLSKIE";"autostrady";"2006";88,1;"km";"";
1600000;"OPOLSKIE";"autostrady";"2007";88,1;"km";"";
1600000;"OPOLSKIE";"autostrady";"2008";88,1;"km";"";
1600000;"OPOLSKIE";"autostrady";"2009";88,1;"km";"";
1600000;"OPOLSKIE";"autostrady";"2010";88,1;"km";"";
1600000;"OPOLSKIE";"autostrady";"2011";87,7;"km";"";
1600000;"OPOLSKIE";"autostrady";"2012";88,1;"km";"";
1600000;"OPOLSKIE";"autostrady";"2013";78,5;"km";"";
1600000;"OPOLSKIE";"autostrady";"2014";88,1;"km";"";
1600000;"OPOLSKIE";"autostrady";"2015";88,1;"km";"";
1600000;"OPOLSKIE";"autostrady";"2016";88,1;"km";"";
1600000;"OPOLSKIE";"autostrady";"2017";88,1;"km";"";
1600000;"OPOLSKIE";"autostrady";"2018";88,1;"km";"";
1600000;"OPOLSKIE";"autostrady";"2019";;"km";"n";
1600000;"OPOLSKIE";"inne drogi";"2004";11095,5;"km";"";
1600000;"OPOLSKIE";"inne drogi";"2005";10803,3;"km";"";
1600000;"OPOLSKIE";"inne drogi";"2006";10805,4;"km";"";
1600000;"OPOLSKIE";"inne drogi";"2007";10812,0;"km";"";
1600000;"OPOLSKIE";"inne drogi";"2008";10666,0;"km";"";
1600000;"OPOLSKIE";"inne drogi";"2009";10370,8;"km";"";
1600000;"OPOLSKIE";"inne drogi";"2010";11357,4;"km";"";
1600000;"OPOLSKIE";"inne drogi";"2011";11250,4;"km";"";
1600000;"OPOLSKIE";"inne drogi";"2012";11294,1;"km";"";
1600000;"OPOLSKIE";"inne drogi";"2013";10534,3;"km";"";
1600000;"OPOLSKIE";"inne drogi";"2014";10849,5;"km";"";
1600000;"OPOLSKIE";"inne drogi";"2015";10393,7;"km";"";
1600000;"OPOLSKIE";"inne drogi";"2016";10386,5;"km";"";
1600000;"OPOLSKIE";"inne drogi";"2017";10381,1;"km";"";
1600000;"OPOLSKIE";"inne drogi";"2018";10416,7;"km";"";
1600000;"OPOLSKIE";"inne drogi";"2019";;"km";"n";
1800000;"PODKARPACKIE";"ogółem";"2004";18112,1;"km";"";
1800000;"PODKARPACKIE";"ogółem";"2005";18275,6;"km";"";
1800000;"PODKARPACKIE";"ogółem";"2006";18377,0;"km";"";
1800000;"PODKARPACKIE";"ogółem";"2007";18411,2;"km";"";
1800000;"PODKARPACKIE";"ogółem";"2008";18448,5;"km";"";
1800000;"PODKARPACKIE";"ogółem";"2009";18195,1;"km";"";
1800000;"PODKARPACKIE";"ogółem";"2010";18370,3;"km";"";
1800000;"PODKARPACKIE";"ogółem";"2011";18924,4;"km";"";
1800000;"PODKARPACKIE";"ogółem";"2012";19225,1;"km";"";
1800000;"PODKARPACKIE";"ogółem";"2013";20221,7;"km";"";
1800000;"PODKARPACKIE";"ogółem";"2014";20695,2;"km";"";
1800000;"PODKARPACKIE";"ogółem";"2015";20839,0;"km";"";
1800000;"PODKARPACKIE";"ogółem";"2016";21100,0;"km";"";
1800000;"PODKARPACKIE";"ogółem";"2017";20975,7;"km";"";
1800000;"PODKARPACKIE";"ogółem";"2018";21122,9;"km";"";
1800000;"PODKARPACKIE";"ogółem";"2019";;"km";"n";
1800000;"PODKARPACKIE";"autostrady";"2004";0,0;"km";"";
1800000;"PODKARPACKIE";"autostrady";"2005";0,0;"km";"";
1800000;"PODKARPACKIE";"autostrady";"2006";0,0;"km";"";
1800000;"PODKARPACKIE";"autostrady";"2007";0,0;"km";"";
1800000;"PODKARPACKIE";"autostrady";"2008";0,0;"km";"";
1800000;"PODKARPACKIE";"autostrady";"2009";0,0;"km";"";
1800000;"PODKARPACKIE";"autostrady";"2010";0,0;"km";"";
1800000;"PODKARPACKIE";"autostrady";"2011";0,0;"km";"";
1800000;"PODKARPACKIE";"autostrady";"2012";6,8;"km";"";
1800000;"PODKARPACKIE";"autostrady";"2013";91,3;"km";"";
1800000;"PODKARPACKIE";"autostrady";"2014";112,3;"km";"";
1800000;"PODKARPACKIE";"autostrady";"2015";111,9;"km";"";
1800000;"PODKARPACKIE";"autostrady";"2016";152,5;"km";"";
1800000;"PODKARPACKIE";"autostrady";"2017";152,5;"km";"";
1800000;"PODKARPACKIE";"autostrady";"2018";152,5;"km";"";
1800000;"PODKARPACKIE";"autostrady";"2019";;"km";"n";
1800000;"PODKARPACKIE";"inne drogi";"2004";18112,1;"km";"";
1800000;"PODKARPACKIE";"inne drogi";"2005";18275,6;"km";"";
1800000;"PODKARPACKIE";"inne drogi";"2006";18377,0;"km";"";
1800000;"PODKARPACKIE";"inne drogi";"2007";18411,2;"km";"";
1800000;"PODKARPACKIE";"inne drogi";"2008";18448,5;"km";"";
1800000;"PODKARPACKIE";"inne drogi";"2009";18195,1;"km";"";
1800000;"PODKARPACKIE";"inne drogi";"2010";18370,3;"km";"";
1800000;"PODKARPACKIE";"inne drogi";"2011";18924,4;"km";"";
1800000;"PODKARPACKIE";"inne drogi";"2012";19218,3;"km";"";
1800000;"PODKARPACKIE";"inne drogi";"2013";20130,4;"km";"";
1800000;"PODKARPACKIE";"inne drogi";"2014";20582,9;"km";"";
1800000;"PODKARPACKIE";"inne drogi";"2015";20727,1;"km";"";
1800000;"PODKARPACKIE";"inne drogi";"2016";20947,5;"km";"";
1800000;"PODKARPACKIE";"inne drogi";"2017";20823,2;"km";"";
1800000;"PODKARPACKIE";"inne drogi";"2018";20970,4;"km";"";
1800000;"PODKARPACKIE";"inne drogi";"2019";;"km";"n";
2000000;"PODLASKIE";"ogółem";"2004";19260,4;"km";"";
2000000;"PODLASKIE";"ogółem";"2005";19584,2;"km";"";
2000000;"PODLASKIE";"ogółem";"2006";19707,6;"km";"";
2000000;"PODLASKIE";"ogółem";"2007";19578,1;"km";"";
2000000;"PODLASKIE";"ogółem";"2008";19522,1;"km";"";
2000000;"PODLASKIE";"ogółem";"2009";19951,7;"km";"";
2000000;"PODLASKIE";"ogółem";"2010";24195,4;"km";"";
2000000;"PODLASKIE";"ogółem";"2011";25583,5;"km";"";
2000000;"PODLASKIE";"ogółem";"2012";25250,4;"km";"";
2000000;"PODLASKIE";"ogółem";"2013";26328,1;"km";"";
2000000;"PODLASKIE";"ogółem";"2014";26491,3;"km";"";
2000000;"PODLASKIE";"ogółem";"2015";26596,5;"km";"";
2000000;"PODLASKIE";"ogółem";"2016";26524,1;"km";"";
2000000;"PODLASKIE";"ogółem";"2017";26933,2;"km";"";
2000000;"PODLASKIE";"ogółem";"2018";26673,5;"km";"";
2000000;"PODLASKIE";"ogółem";"2019";;"km";"n";
2000000;"PODLASKIE";"autostrady";"2004";0,0;"km";"";
2000000;"PODLASKIE";"autostrady";"2005";0,0;"km";"";
2000000;"PODLASKIE";"autostrady";"2006";0,0;"km";"";
2000000;"PODLASKIE";"autostrady";"2007";0,0;"km";"";
2000000;"PODLASKIE";"autostrady";"2008";0,0;"km";"";
2000000;"PODLASKIE";"autostrady";"2009";0,0;"km";"";
2000000;"PODLASKIE";"autostrady";"2010";0,0;"km";"";
2000000;"PODLASKIE";"autostrady";"2011";0,0;"km";"";
2000000;"PODLASKIE";"autostrady";"2012";0,0;"km";"";
2000000;"PODLASKIE";"autostrady";"2013";0,0;"km";"";
2000000;"PODLASKIE";"autostrady";"2014";0,0;"km";"";
2000000;"PODLASKIE";"autostrady";"2015";0,0;"km";"";
2000000;"PODLASKIE";"autostrady";"2016";0,0;"km";"";
2000000;"PODLASKIE";"autostrady";"2017";0,0;"km";"";
2000000;"PODLASKIE";"autostrady";"2018";0,0;"km";"";
2000000;"PODLASKIE";"autostrady";"2019";;"km";"n";
2000000;"PODLASKIE";"inne drogi";"2004";19260,4;"km";"";
2000000;"PODLASKIE";"inne drogi";"2005";19584,2;"km";"";
2000000;"PODLASKIE";"inne drogi";"2006";19707,6;"km";"";
2000000;"PODLASKIE";"inne drogi";"2007";19578,1;"km";"";
2000000;"PODLASKIE";"inne drogi";"2008";19522,1;"km";"";
2000000;"PODLASKIE";"inne drogi";"2009";19951,7;"km";"";
2000000;"PODLASKIE";"inne drogi";"2010";24195,4;"km";"";
2000000;"PODLASKIE";"inne drogi";"2011";25583,5;"km";"";
2000000;"PODLASKIE";"inne drogi";"2012";25250,4;"km";"";
2000000;"PODLASKIE";"inne drogi";"2013";26328,1;"km";"";
2000000;"PODLASKIE";"inne drogi";"2014";26491,3;"km";"";
2000000;"PODLASKIE";"inne drogi";"2015";26596,5;"km";"";
2000000;"PODLASKIE";"inne drogi";"2016";26524,1;"km";"";
2000000;"PODLASKIE";"inne drogi";"2017";26933,2;"km";"";
2000000;"PODLASKIE";"inne drogi";"2018";26673,5;"km";"";
2000000;"PODLASKIE";"inne drogi";"2019";;"km";"n";
2200000;"POMORSKIE";"ogółem";"2004";19878,2;"km";"";
2200000;"POMORSKIE";"ogółem";"2005";19817,9;"km";"";
2200000;"POMORSKIE";"ogółem";"2006";19819,8;"km";"";
2200000;"POMORSKIE";"ogółem";"2007";19868,7;"km";"";
2200000;"POMORSKIE";"ogółem";"2008";19880,7;"km";"";
2200000;"POMORSKIE";"ogółem";"2009";20310,1;"km";"";
2200000;"POMORSKIE";"ogółem";"2010";22338,7;"km";"";
2200000;"POMORSKIE";"ogółem";"2011";22524,2;"km";"";
2200000;"POMORSKIE";"ogółem";"2012";22691,2;"km";"";
2200000;"POMORSKIE";"ogółem";"2013";23439,3;"km";"";
2200000;"POMORSKIE";"ogółem";"2014";23236,1;"km";"";
2200000;"POMORSKIE";"ogółem";"2015";22804,0;"km";"";
2200000;"POMORSKIE";"ogółem";"2016";22630,9;"km";"";
2200000;"POMORSKIE";"ogółem";"2017";22654,2;"km";"";
2200000;"POMORSKIE";"ogółem";"2018";22720,0;"km";"";
2200000;"POMORSKIE";"ogółem";"2019";;"km";"n";
2200000;"POMORSKIE";"autostrady";"2004";0,0;"km";"";
2200000;"POMORSKIE";"autostrady";"2005";0,0;"km";"";
2200000;"POMORSKIE";"autostrady";"2006";0,0;"km";"";
2200000;"POMORSKIE";"autostrady";"2007";0,0;"km";"";
2200000;"POMORSKIE";"autostrady";"2008";65,8;"km";"";
2200000;"POMORSKIE";"autostrady";"2009";65,8;"km";"";
2200000;"POMORSKIE";"autostrady";"2010";65,8;"km";"";
2200000;"POMORSKIE";"autostrady";"2011";65,8;"km";"";
2200000;"POMORSKIE";"autostrady";"2012";65,9;"km";"";
2200000;"POMORSKIE";"autostrady";"2013";65,9;"km";"";
2200000;"POMORSKIE";"autostrady";"2014";65,9;"km";"";
2200000;"POMORSKIE";"autostrady";"2015";65,9;"km";"";
2200000;"POMORSKIE";"autostrady";"2016";65,9;"km";"";
2200000;"POMORSKIE";"autostrady";"2017";65,9;"km";"";
2200000;"POMORSKIE";"autostrady";"2018";65,9;"km";"";
2200000;"POMORSKIE";"autostrady";"2019";;"km";"n";
2200000;"POMORSKIE";"inne drogi";"2004";19878,2;"km";"";
2200000;"POMORSKIE";"inne drogi";"2005";19817,9;"km";"";
2200000;"POMORSKIE";"inne drogi";"2006";19819,8;"km";"";
2200000;"POMORSKIE";"inne drogi";"2007";19868,7;"km";"";
2200000;"POMORSKIE";"inne drogi";"2008";19814,9;"km";"";
2200000;"POMORSKIE";"inne drogi";"2009";20244,3;"km";"";
2200000;"POMORSKIE";"inne drogi";"2010";22272,9;"km";"";
2200000;"POMORSKIE";"inne drogi";"2011";22458,4;"km";"";
2200000;"POMORSKIE";"inne drogi";"2012";22625,3;"km";"";
2200000;"POMORSKIE";"inne drogi";"2013";23373,4;"km";"";
2200000;"POMORSKIE";"inne drogi";"2014";23170,2;"km";"";
2200000;"POMORSKIE";"inne drogi";"2015";22738,1;"km";"";
2200000;"POMORSKIE";"inne drogi";"2016";22565,0;"km";"";
2200000;"POMORSKIE";"inne drogi";"2017";22588,3;"km";"";
2200000;"POMORSKIE";"inne drogi";"2018";22654,1;"km";"";
2200000;"POMORSKIE";"inne drogi";"2019";;"km";"n";
2400000;"ŚLĄSKIE";"ogółem";"2004";24986,2;"km";"";
2400000;"ŚLĄSKIE";"ogółem";"2005";25028,4;"km";"";
2400000;"ŚLĄSKIE";"ogółem";"2006";25010,0;"km";"";
2400000;"ŚLĄSKIE";"ogółem";"2007";24901,2;"km";"";
2400000;"ŚLĄSKIE";"ogółem";"2008";24709,8;"km";"";
2400000;"ŚLĄSKIE";"ogółem";"2009";25285,1;"km";"";
2400000;"ŚLĄSKIE";"ogółem";"2010";25683,8;"km";"";
2400000;"ŚLĄSKIE";"ogółem";"2011";26453,3;"km";"";
2400000;"ŚLĄSKIE";"ogółem";"2012";25565,8;"km";"";
2400000;"ŚLĄSKIE";"ogółem";"2013";27189,4;"km";"";
2400000;"ŚLĄSKIE";"ogółem";"2014";25684,7;"km";"";
2400000;"ŚLĄSKIE";"ogółem";"2015";25416,6;"km";"";
2400000;"ŚLĄSKIE";"ogółem";"2016";25398,8;"km";"";
2400000;"ŚLĄSKIE";"ogółem";"2017";24911,2;"km";"";
2400000;"ŚLĄSKIE";"ogółem";"2018";24756,4;"km";"";
2400000;"ŚLĄSKIE";"ogółem";"2019";;"km";"n";
2400000;"ŚLĄSKIE";"autostrady";"2004";64,9;"km";"";
2400000;"ŚLĄSKIE";"autostrady";"2005";64,9;"km";"";
2400000;"ŚLĄSKIE";"autostrady";"2006";72,9;"km";"";
2400000;"ŚLĄSKIE";"autostrady";"2007";73,0;"km";"";
2400000;"ŚLĄSKIE";"autostrady";"2008";83,5;"km";"";
2400000;"ŚLĄSKIE";"autostrady";"2009";99,6;"km";"";
2400000;"ŚLĄSKIE";"autostrady";"2010";107,4;"km";"";
2400000;"ŚLĄSKIE";"autostrady";"2011";129,9;"km";"";
2400000;"ŚLĄSKIE";"autostrady";"2012";168,9;"km";"";
2400000;"ŚLĄSKIE";"autostrady";"2013";95,7;"km";"";
2400000;"ŚLĄSKIE";"autostrady";"2014";176,4;"km";"";
2400000;"ŚLĄSKIE";"autostrady";"2015";176,4;"km";"";
2400000;"ŚLĄSKIE";"autostrady";"2016";174,9;"km";"";
2400000;"ŚLĄSKIE";"autostrady";"2017";174,9;"km";"";
2400000;"ŚLĄSKIE";"autostrady";"2018";174,9;"km";"";
2400000;"ŚLĄSKIE";"autostrady";"2019";;"km";"n";
2400000;"ŚLĄSKIE";"inne drogi";"2004";24921,3;"km";"";
2400000;"ŚLĄSKIE";"inne drogi";"2005";24963,5;"km";"";
2400000;"ŚLĄSKIE";"inne drogi";"2006";24937,1;"km";"";
2400000;"ŚLĄSKIE";"inne drogi";"2007";24828,2;"km";"";
2400000;"ŚLĄSKIE";"inne drogi";"2008";24626,3;"km";"";
2400000;"ŚLĄSKIE";"inne drogi";"2009";25185,5;"km";"";
2400000;"ŚLĄSKIE";"inne drogi";"2010";25576,4;"km";"";
2400000;"ŚLĄSKIE";"inne drogi";"2011";26323,4;"km";"";
2400000;"ŚLĄSKIE";"inne drogi";"2012";25396,9;"km";"";
2400000;"ŚLĄSKIE";"inne drogi";"2013";27093,7;"km";"";
2400000;"ŚLĄSKIE";"inne drogi";"2014";25508,3;"km";"";
2400000;"ŚLĄSKIE";"inne drogi";"2015";25240,2;"km";"";
2400000;"ŚLĄSKIE";"inne drogi";"2016";25223,9;"km";"";
2400000;"ŚLĄSKIE";"inne drogi";"2017";24736,3;"km";"";
2400000;"ŚLĄSKIE";"inne drogi";"2018";24581,5;"km";"";
2400000;"ŚLĄSKIE";"inne drogi";"2019";;"km";"n";
2600000;"ŚWIĘTOKRZYSKIE";"ogółem";"2004";16335,9;"km";"";
2600000;"ŚWIĘTOKRZYSKIE";"ogółem";"2005";16783,4;"km";"";
2600000;"ŚWIĘTOKRZYSKIE";"ogółem";"2006";16646,6;"km";"";
2600000;"ŚWIĘTOKRZYSKIE";"ogółem";"2007";16666,0;"km";"";
2600000;"ŚWIĘTOKRZYSKIE";"ogółem";"2008";16798,3;"km";"";
2600000;"ŚWIĘTOKRZYSKIE";"ogółem";"2009";16823,1;"km";"";
2600000;"ŚWIĘTOKRZYSKIE";"ogółem";"2010";16915,8;"km";"";
2600000;"ŚWIĘTOKRZYSKIE";"ogółem";"2011";17105,1;"km";"";
2600000;"ŚWIĘTOKRZYSKIE";"ogółem";"2012";17170,0;"km";"";
2600000;"ŚWIĘTOKRZYSKIE";"ogółem";"2013";16583,2;"km";"";
2600000;"ŚWIĘTOKRZYSKIE";"ogółem";"2014";17181,6;"km";"";
2600000;"ŚWIĘTOKRZYSKIE";"ogółem";"2015";17489,6;"km";"";
2600000;"ŚWIĘTOKRZYSKIE";"ogółem";"2016";17715,6;"km";"";
2600000;"ŚWIĘTOKRZYSKIE";"ogółem";"2017";17516,8;"km";"";
2600000;"ŚWIĘTOKRZYSKIE";"ogółem";"2018";17491,7;"km";"";
2600000;"ŚWIĘTOKRZYSKIE";"ogółem";"2019";;"km";"n";
2600000;"ŚWIĘTOKRZYSKIE";"autostrady";"2004";0,0;"km";"";
2600000;"ŚWIĘTOKRZYSKIE";"autostrady";"2005";0,0;"km";"";
2600000;"ŚWIĘTOKRZYSKIE";"autostrady";"2006";0,0;"km";"";
2600000;"ŚWIĘTOKRZYSKIE";"autostrady";"2007";0,0;"km";"";
2600000;"ŚWIĘTOKRZYSKIE";"autostrady";"2008";0,0;"km";"";
2600000;"ŚWIĘTOKRZYSKIE";"autostrady";"2009";0,0;"km";"";
2600000;"ŚWIĘTOKRZYSKIE";"autostrady";"2010";0,0;"km";"";
2600000;"ŚWIĘTOKRZYSKIE";"autostrady";"2011";0,0;"km";"";
2600000;"ŚWIĘTOKRZYSKIE";"autostrady";"2012";0,0;"km";"";
2600000;"ŚWIĘTOKRZYSKIE";"autostrady";"2013";0,0;"km";"";
2600000;"ŚWIĘTOKRZYSKIE";"autostrady";"2014";0,0;"km";"";
2600000;"ŚWIĘTOKRZYSKIE";"autostrady";"2015";0,0;"km";"";
2600000;"ŚWIĘTOKRZYSKIE";"autostrady";"2016";0,0;"km";"";
2600000;"ŚWIĘTOKRZYSKIE";"autostrady";"2017";0,0;"km";"";
2600000;"ŚWIĘTOKRZYSKIE";"autostrady";"2018";0,0;"km";"";
2600000;"ŚWIĘTOKRZYSKIE";"autostrady";"2019";;"km";"n";
2600000;"ŚWIĘTOKRZYSKIE";"inne drogi";"2004";16335,9;"km";"";
2600000;"ŚWIĘTOKRZYSKIE";"inne drogi";"2005";16783,4;"km";"";
2600000;"ŚWIĘTOKRZYSKIE";"inne drogi";"2006";16646,6;"km";"";
2600000;"ŚWIĘTOKRZYSKIE";"inne drogi";"2007";16666,0;"km";"";
2600000;"ŚWIĘTOKRZYSKIE";"inne drogi";"2008";16798,3;"km";"";
2600000;"ŚWIĘTOKRZYSKIE";"inne drogi";"2009";16823,1;"km";"";
2600000;"ŚWIĘTOKRZYSKIE";"inne drogi";"2010";16915,8;"km";"";
2600000;"ŚWIĘTOKRZYSKIE";"inne drogi";"2011";17105,1;"km";"";
2600000;"ŚWIĘTOKRZYSKIE";"inne drogi";"2012";17170,0;"km";"";
2600000;"ŚWIĘTOKRZYSKIE";"inne drogi";"2013";16583,2;"km";"";
2600000;"ŚWIĘTOKRZYSKIE";"inne drogi";"2014";17181,6;"km";"";
2600000;"ŚWIĘTOKRZYSKIE";"inne drogi";"2015";17489,6;"km";"";
2600000;"ŚWIĘTOKRZYSKIE";"inne drogi";"2016";17715,6;"km";"";
2600000;"ŚWIĘTOKRZYSKIE";"inne drogi";"2017";17516,8;"km";"";
2600000;"ŚWIĘTOKRZYSKIE";"inne drogi";"2018";17491,7;"km";"";
2600000;"ŚWIĘTOKRZYSKIE";"inne drogi";"2019";;"km";"n";
2800000;"WARMIŃSKO-MAZURSKIE";"ogółem";"2004";21638,4;"km";"";
2800000;"WARMIŃSKO-MAZURSKIE";"ogółem";"2005";21649,7;"km";"";
2800000;"WARMIŃSKO-MAZURSKIE";"ogółem";"2006";21519,0;"km";"";
2800000;"WARMIŃSKO-MAZURSKIE";"ogółem";"2007";21646,4;"km";"";
2800000;"WARMIŃSKO-MAZURSKIE";"ogółem";"2008";21575,1;"km";"";
2800000;"WARMIŃSKO-MAZURSKIE";"ogółem";"2009";21328,3;"km";"";
2800000;"WARMIŃSKO-MAZURSKIE";"ogółem";"2010";22569,0;"km";"";
2800000;"WARMIŃSKO-MAZURSKIE";"ogółem";"2011";23081,5;"km";"";
2800000;"WARMIŃSKO-MAZURSKIE";"ogółem";"2012";22917,9;"km";"";
2800000;"WARMIŃSKO-MAZURSKIE";"ogółem";"2013";22553,0;"km";"";
2800000;"WARMIŃSKO-MAZURSKIE";"ogółem";"2014";22914,2;"km";"";
2800000;"WARMIŃSKO-MAZURSKIE";"ogółem";"2015";22740,1;"km";"";
2800000;"WARMIŃSKO-MAZURSKIE";"ogółem";"2016";22053,8;"km";"";
2800000;"WARMIŃSKO-MAZURSKIE";"ogółem";"2017";22208,6;"km";"";
2800000;"WARMIŃSKO-MAZURSKIE";"ogółem";"2018";22360,0;"km";"";
2800000;"WARMIŃSKO-MAZURSKIE";"ogółem";"2019";;"km";"n";
2800000;"WARMIŃSKO-MAZURSKIE";"autostrady";"2004";0,0;"km";"";
2800000;"WARMIŃSKO-MAZURSKIE";"autostrady";"2005";0,0;"km";"";
2800000;"WARMIŃSKO-MAZURSKIE";"autostrady";"2006";0,0;"km";"";
2800000;"WARMIŃSKO-MAZURSKIE";"autostrady";"2007";0,0;"km";"";
2800000;"WARMIŃSKO-MAZURSKIE";"autostrady";"2008";0,0;"km";"";
2800000;"WARMIŃSKO-MAZURSKIE";"autostrady";"2009";0,0;"km";"";
2800000;"WARMIŃSKO-MAZURSKIE";"autostrady";"2010";0,0;"km";"";
2800000;"WARMIŃSKO-MAZURSKIE";"autostrady";"2011";0,0;"km";"";
2800000;"WARMIŃSKO-MAZURSKIE";"autostrady";"2012";1,2;"km";"";
2800000;"WARMIŃSKO-MAZURSKIE";"autostrady";"2013";0,0;"km";"";
2800000;"WARMIŃSKO-MAZURSKIE";"autostrady";"2014";0,0;"km";"";
2800000;"WARMIŃSKO-MAZURSKIE";"autostrady";"2015";0,0;"km";"";
2800000;"WARMIŃSKO-MAZURSKIE";"autostrady";"2016";0,0;"km";"";
2800000;"WARMIŃSKO-MAZURSKIE";"autostrady";"2017";0,0;"km";"";
2800000;"WARMIŃSKO-MAZURSKIE";"autostrady";"2018";0,0;"km";"";
2800000;"WARMIŃSKO-MAZURSKIE";"autostrady";"2019";;"km";"n";
2800000;"WARMIŃSKO-MAZURSKIE";"inne drogi";"2004";21638,4;"km";"";
2800000;"WARMIŃSKO-MAZURSKIE";"inne drogi";"2005";21649,7;"km";"";
2800000;"WARMIŃSKO-MAZURSKIE";"inne drogi";"2006";21519,0;"km";"";
2800000;"WARMIŃSKO-MAZURSKIE";"inne drogi";"2007";21646,4;"km";"";
2800000;"WARMIŃSKO-MAZURSKIE";"inne drogi";"2008";21575,1;"km";"";
2800000;"WARMIŃSKO-MAZURSKIE";"inne drogi";"2009";21328,3;"km";"";
2800000;"WARMIŃSKO-MAZURSKIE";"inne drogi";"2010";22569,0;"km";"";
2800000;"WARMIŃSKO-MAZURSKIE";"inne drogi";"2011";23081,5;"km";"";
2800000;"WARMIŃSKO-MAZURSKIE";"inne drogi";"2012";22916,7;"km";"";
2800000;"WARMIŃSKO-MAZURSKIE";"inne drogi";"2013";22553,0;"km";"";
2800000;"WARMIŃSKO-MAZURSKIE";"inne drogi";"2014";22914,2;"km";"";
2800000;"WARMIŃSKO-MAZURSKIE";"inne drogi";"2015";22740,1;"km";"";
2800000;"WARMIŃSKO-MAZURSKIE";"inne drogi";"2016";22053,8;"km";"";
2800000;"WARMIŃSKO-MAZURSKIE";"inne drogi";"2017";22208,6;"km";"";
2800000;"WARMIŃSKO-MAZURSKIE";"inne drogi";"2018";22360,0;"km";"";
2800000;"WARMIŃSKO-MAZURSKIE";"inne drogi";"2019";;"km";"n";
3000000;"WIELKOPOLSKIE";"ogółem";"2004";39533,0;"km";"";
3000000;"WIELKOPOLSKIE";"ogółem";"2005";39699,2;"km";"";
3000000;"WIELKOPOLSKIE";"ogółem";"2006";39891,1;"km";"";
3000000;"WIELKOPOLSKIE";"ogółem";"2007";40070,3;"km";"";
3000000;"WIELKOPOLSKIE";"ogółem";"2008";40349,1;"km";"";
3000000;"WIELKOPOLSKIE";"ogółem";"2009";40083,6;"km";"";
3000000;"WIELKOPOLSKIE";"ogółem";"2010";40277,4;"km";"";
3000000;"WIELKOPOLSKIE";"ogółem";"2011";39995,2;"km";"";
3000000;"WIELKOPOLSKIE";"ogółem";"2012";40264,1;"km";"";
3000000;"WIELKOPOLSKIE";"ogółem";"2013";40288,1;"km";"";
3000000;"WIELKOPOLSKIE";"ogółem";"2014";40331,3;"km";"";
3000000;"WIELKOPOLSKIE";"ogółem";"2015";40795,3;"km";"";
3000000;"WIELKOPOLSKIE";"ogółem";"2016";40770,6;"km";"";
3000000;"WIELKOPOLSKIE";"ogółem";"2017";40841,0;"km";"";
3000000;"WIELKOPOLSKIE";"ogółem";"2018";41042,1;"km";"";
3000000;"WIELKOPOLSKIE";"ogółem";"2019";;"km";"n";
3000000;"WIELKOPOLSKIE";"autostrady";"2004";149,7;"km";"";
3000000;"WIELKOPOLSKIE";"autostrady";"2005";149,7;"km";"";
3000000;"WIELKOPOLSKIE";"autostrady";"2006";195,3;"km";"";
3000000;"WIELKOPOLSKIE";"autostrady";"2007";195,1;"km";"";
3000000;"WIELKOPOLSKIE";"autostrady";"2008";195,1;"km";"";
3000000;"WIELKOPOLSKIE";"autostrady";"2009";195,1;"km";"";
3000000;"WIELKOPOLSKIE";"autostrady";"2010";195,1;"km";"";
3000000;"WIELKOPOLSKIE";"autostrady";"2011";210,4;"km";"";
3000000;"WIELKOPOLSKIE";"autostrady";"2012";210,4;"km";"";
3000000;"WIELKOPOLSKIE";"autostrady";"2013";210,5;"km";"";
3000000;"WIELKOPOLSKIE";"autostrady";"2014";210,5;"km";"";
3000000;"WIELKOPOLSKIE";"autostrady";"2015";210,5;"km";"";
3000000;"WIELKOPOLSKIE";"autostrady";"2016";210,5;"km";"";
3000000;"WIELKOPOLSKIE";"autostrady";"2017";210,5;"km";"";
3000000;"WIELKOPOLSKIE";"autostrady";"2018";210,4;"km";"";
3000000;"WIELKOPOLSKIE";"autostrady";"2019";;"km";"n";
3000000;"WIELKOPOLSKIE";"inne drogi";"2004";39383,3;"km";"";
3000000;"WIELKOPOLSKIE";"inne drogi";"2005";39549,5;"km";"";
3000000;"WIELKOPOLSKIE";"inne drogi";"2006";39695,8;"km";"";
3000000;"WIELKOPOLSKIE";"inne drogi";"2007";39875,2;"km";"";
3000000;"WIELKOPOLSKIE";"inne drogi";"2008";40154,0;"km";"";
3000000;"WIELKOPOLSKIE";"inne drogi";"2009";39888,5;"km";"";
3000000;"WIELKOPOLSKIE";"inne drogi";"2010";40082,3;"km";"";
3000000;"WIELKOPOLSKIE";"inne drogi";"2011";39784,8;"km";"";
3000000;"WIELKOPOLSKIE";"inne drogi";"2012";40053,7;"km";"";
3000000;"WIELKOPOLSKIE";"inne drogi";"2013";40077,6;"km";"";
3000000;"WIELKOPOLSKIE";"inne drogi";"2014";40120,8;"km";"";
3000000;"WIELKOPOLSKIE";"inne drogi";"2015";40584,8;"km";"";
3000000;"WIELKOPOLSKIE";"inne drogi";"2016";40560,1;"km";"";
3000000;"WIELKOPOLSKIE";"inne drogi";"2017";40630,5;"km";"";
3000000;"WIELKOPOLSKIE";"inne drogi";"2018";40831,7;"km";"";
3000000;"WIELKOPOLSKIE";"inne drogi";"2019";;"km";"n";
3200000;"ZACHODNIOPOMORSKIE";"ogółem";"2004";18020,0;"km";"";
3200000;"ZACHODNIOPOMORSKIE";"ogółem";"2005";17522,8;"km";"";
3200000;"ZACHODNIOPOMORSKIE";"ogółem";"2006";17673,4;"km";"";
3200000;"ZACHODNIOPOMORSKIE";"ogółem";"2007";17862,7;"km";"";
3200000;"ZACHODNIOPOMORSKIE";"ogółem";"2008";17947,9;"km";"";
3200000;"ZACHODNIOPOMORSKIE";"ogółem";"2009";18143,5;"km";"";
3200000;"ZACHODNIOPOMORSKIE";"ogółem";"2010";18918,2;"km";"";
3200000;"ZACHODNIOPOMORSKIE";"ogółem";"2011";19079,5;"km";"";
3200000;"ZACHODNIOPOMORSKIE";"ogółem";"2012";19688,3;"km";"";
3200000;"ZACHODNIOPOMORSKIE";"ogółem";"2013";19699,0;"km";"";
3200000;"ZACHODNIOPOMORSKIE";"ogółem";"2014";19692,3;"km";"";
3200000;"ZACHODNIOPOMORSKIE";"ogółem";"2015";19919,3;"km";"";
3200000;"ZACHODNIOPOMORSKIE";"ogółem";"2016";19567,7;"km";"";
3200000;"ZACHODNIOPOMORSKIE";"ogółem";"2017";19817,1;"km";"";
3200000;"ZACHODNIOPOMORSKIE";"ogółem";"2018";19849,3;"km";"";
3200000;"ZACHODNIOPOMORSKIE";"ogółem";"2019";;"km";"n";
3200000;"ZACHODNIOPOMORSKIE";"autostrady";"2004";21,6;"km";"";
3200000;"ZACHODNIOPOMORSKIE";"autostrady";"2005";21,6;"km";"";
3200000;"ZACHODNIOPOMORSKIE";"autostrady";"2006";21,6;"km";"";
3200000;"ZACHODNIOPOMORSKIE";"autostrady";"2007";21,6;"km";"";
3200000;"ZACHODNIOPOMORSKIE";"autostrady";"2008";21,6;"km";"";
3200000;"ZACHODNIOPOMORSKIE";"autostrady";"2009";21,6;"km";"";
3200000;"ZACHODNIOPOMORSKIE";"autostrady";"2010";21,6;"km";"";
3200000;"ZACHODNIOPOMORSKIE";"autostrady";"2011";21,6;"km";"";
3200000;"ZACHODNIOPOMORSKIE";"autostrady";"2012";21,6;"km";"";
3200000;"ZACHODNIOPOMORSKIE";"autostrady";"2013";8,2;"km";"";
3200000;"ZACHODNIOPOMORSKIE";"autostrady";"2014";25,3;"km";"";
3200000;"ZACHODNIOPOMORSKIE";"autostrady";"2015";25,3;"km";"";
3200000;"ZACHODNIOPOMORSKIE";"autostrady";"2016";25,3;"km";"";
3200000;"ZACHODNIOPOMORSKIE";"autostrady";"2017";25,3;"km";"";
3200000;"ZACHODNIOPOMORSKIE";"autostrady";"2018";25,3;"km";"";
3200000;"ZACHODNIOPOMORSKIE";"autostrady";"2019";;"km";"n";
3200000;"ZACHODNIOPOMORSKIE";"inne drogi";"2004";17998,4;"km";"";
3200000;"ZACHODNIOPOMORSKIE";"inne drogi";"2005";17501,2;"km";"";
3200000;"ZACHODNIOPOMORSKIE";"inne drogi";"2006";17651,8;"km";"";
3200000;"ZACHODNIOPOMORSKIE";"inne drogi";"2007";17841,1;"km";"";
3200000;"ZACHODNIOPOMORSKIE";"inne drogi";"2008";17926,3;"km";"";
3200000;"ZACHODNIOPOMORSKIE";"inne drogi";"2009";18121,9;"km";"";
3200000;"ZACHODNIOPOMORSKIE";"inne drogi";"2010";18896,6;"km";"";
3200000;"ZACHODNIOPOMORSKIE";"inne drogi";"2011";19057,9;"km";"";
3200000;"ZACHODNIOPOMORSKIE";"inne drogi";"2012";19666,7;"km";"";
3200000;"ZACHODNIOPOMORSKIE";"inne drogi";"2013";19690,8;"km";"";
3200000;"ZACHODNIOPOMORSKIE";"inne drogi";"2014";19667,0;"km";"";
3200000;"ZACHODNIOPOMORSKIE";"inne drogi";"2015";19894,0;"km";"";
3200000;"ZACHODNIOPOMORSKIE";"inne drogi";"2016";19542,4;"km";"";
3200000;"ZACHODNIOPOMORSKIE";"inne drogi";"2017";19791,8;"km";"";
3200000;"ZACHODNIOPOMORSKIE";"inne drogi";"2018";19824,0;"km";"";
3200000;"ZACHODNIOPOMORSKIE";"inne drogi";"2019";;"km";"n";
